1,2,5,10,20,30
1.0,1.0,1.0,1.0,1.0,1.0
1.000575,1.0009916666666667,1.0019025,1.0026666666666666,1.0033175,1.0034416666666666
1.001000244375,1.0017674352083334,1.00368004201875,1.0052627377777776,1.0065649043083336,1.0068282822916665
1.0014506944849688,1.00257719721846,1.0054716108937534,1.0078613419549332,1.0097733299408163,1.0101843765659722
1.0018512747627628,1.0032706464465362,1.007139017981819,1.0103515993540135,1.01286407780821,1.0134338029772594
1.0020432962570922,1.0036803152938352,1.0084441022926203,1.012585318348252,1.0156781518377205,1.0164234326960424
1.0022854567203543,1.0041152434304625,1.0096575966957122,1.0147387497919393,1.0184154044569231,1.019354120260316
1.0027364851758784,1.004793021219778,1.011057655229797,1.0169982347414759,1.0212720596664246,1.0223442256797461
1.00308744294569,1.0052786711800343,1.0120653426928428,1.0187881516346209,1.0235529005996797,1.0246700587931676
1.0035889866671628,1.0059321023163015,1.0133245206567099,1.0207280940733583,1.0260367223051348,1.0272061171886808
1.004308225440941,1.0067955273707898,1.0147744191583494,1.0228750254978927,1.0286915923240993,1.0298597329914183
1.0048689642001456,1.0075338440908617,1.0161967946358699,1.0251483652420617,1.0314690596233744,1.0326146077771703
1.0053379030501055,1.0082643061278276,1.017756656715636,1.027667667349644,1.0344955617558194,1.0356177952614556
1.0062091958994155,1.009482625497732,1.019784536854142,1.0303764280428334,1.0376895668027404,1.038776429537003
1.00713155432899,1.0107276540691794,1.0218198568256136,1.0330991977539365,1.0409038102359118,1.0419360411768446
1.008239399038752,1.0122521682807337,1.0241002181394294,1.0359901536756513,1.0442737363215506,1.0453223333106694
1.0094660903075823,1.0138295945763045,1.0263216621959437,1.0387838737900632,1.0475692901877587,1.0486934978355964
1.0106438007462746,1.0152320588488017,1.0282810813026861,1.0413990121923296,1.0507216007768154,1.0519269694539228
1.0118144631488057,1.0165941618610905,1.0302365291589635,1.0440268090330949,1.0539867181512295,1.0553632642208057
1.0127503915272185,1.0176700573490602,1.0317243624131571,1.046241015890586,1.056883424981615,1.05845899646252
1.0132989646559625,1.0182467370482247,1.0328609787524154,1.04817830550501,1.0595952117028804,1.0613962201777034
1.013619842661437,1.0187473750272733,1.0338637146192877,1.049827439372338,1.0619316191446853,1.0638993462636224
1.0139746096063684,1.0192482591533283,1.0348682855286593,1.0515990231762788,1.0644660959423773,1.066567960457167
1.0140591074905023,1.019588008573046,1.035870382985146,1.053597937652833,1.0671787103768704,1.069305484889007
1.0140422065053776,1.0197069605073796,1.036513485847916,1.0552002845163468,1.0693815450982067,1.0714619176168663
1.0141182596708656,1.0198684141094598,1.0371561242091416,1.0567769296081282,1.0716423959148018,1.0737834184383694
1.01422812248233,1.02005538998538,1.037857068889753,1.0583717821243952,1.0738857006635834,1.07603836361709
1.0143295452945782,1.0202424001402106,1.0385472438405647,1.0599575758446116,1.0761498096824824,1.0783249451397763
1.0143633562794214,1.0203189183202213,1.0390691138305947,1.0614265003851364,1.0783065932593876,1.0805714554421508
1.0143633562794214,1.0203274209778739,1.0393687120917492,1.0624976566284419,1.0799510108141082,1.0822733554844723
1.0143887153633284,1.0204294537199716,1.039896191713136,1.0638957264616222,1.0820020177754792,1.0844559400846991
1.0143041829703814,1.0203614250897237,1.040160498661863,1.065033208309164,1.0837665827328014,1.0865525549021962
1.014253467761233,1.0203274130422206,1.0404586780048128,1.0662224953917758,1.0855647321213189,1.0885717317333894
1.0142196593123076,1.0203359157706626,1.0408982717962698,1.067496631273769,1.0874717075007452,1.0906853751791719
1.0142112074818133,1.0203614241685568,1.0413250400877063,1.0687945292612928,1.0894708429897009,1.0929031021087028
1.0141858522016263,1.0203444181448207,1.0416773550596026,1.0700263149562663,1.091453679923942,1.0950615857353676
1.014152046006553,1.020310406664216,1.041924753431429,1.071190860262377,1.0933246134402783,1.0970691986425491
1.014270363745254,1.0205314739189932,1.0425846391086022,1.0726878494895935,1.0954101301404155,1.0993090482564445
1.0142619114922227,1.020548482776892,1.0429651825018769,1.0739911652267233,1.0974375517229504,1.1014893445354863
1.0142365549444352,1.0204889507820634,1.0432311386234148,1.0751385457882405,1.0993571529071726,1.1035821742901037
1.014228102973144,1.0204804467074735,1.0435188965458182,1.0762235397706985,1.1011820857809984,1.105587015240064
1.0142196510722858,1.0205059587186411,1.043952826486965,1.0775786845778597,1.1032532257540049,1.107825828945925
1.0142703620548397,1.0206505303961264,1.0445905076718107,1.079132193848126,1.1054634097162654,1.110179958832435
1.0143210755729426,1.020778111712426,1.04516590294312,1.0806393818122007,1.1076761789747143,1.1125483427446108
1.0143886969779807,1.0209482413977113,1.045881841586636,1.0823098701899188,1.1100641442038872,1.115070118988165
1.014447869651971,1.0210588441238628,1.0465703804656807,1.083915296497367,1.1124054544947037,1.1175511500029136
1.0145154995099477,1.0211609500082752,1.047148610600888,1.0854318746497162,1.1147266738764159,1.1200842659429202
1.0145746795807524,1.0212545564286926,1.0477193065936656,1.086960524539848,1.1170852497305594,1.1226324576479403
1.014684591837707,1.0214588073399782,1.0485286697580094,1.0887186831882911,1.1196014842555775,1.1253080650053346
1.0147353260672989,1.021526904593801,1.049097496561353,1.090223836767799,1.1218406872240887,1.1277180997778877
1.0148029750890366,1.0216205445600552,1.0496832426636,1.0917019985864833,1.1240675409882284,1.1301614889940732
1.0149129120780047,1.0217397336235874,1.0502369505741052,1.0931303087013005,1.1262585359702046,1.1325819181830021
1.0150228609768133,1.0218674510902903,1.0507191843739105,1.0944693933294596,1.1283618237861288,1.1349509020285349
1.0150651535960207,1.02190151333866,1.0510939408830038,1.0957070558017497,1.130365606324869,1.1372018879842247
1.0150651535960207,1.0219100291846046,1.0513996340374774,1.096849330407423,1.1322994734830232,1.1393910016185944
1.0150651535960207,1.0219100291846046,1.0516738741086888,1.0979187585045702,1.13412436280112,1.1414514003465215
1.0150397769671806,1.0218759655169651,1.0518263668204346,1.0987312183858635,1.1356384188254596,1.1432396742070645
1.0149721076487161,1.0217908091865053,1.0519552155503702,1.0995973848296912,1.137219795323674,1.1451641276586464
1.014938275245128,1.0217567494928659,1.0520674241066956,1.100368019330226,1.1386631167805723,1.147034562400489
1.014921359607207,1.0217312055741286,1.0521673705119856,1.1010117346215345,1.1399649882774248,1.1487551142440897
1.0148367828272398,1.0216460613069973,1.052179645797975,1.1015071899021143,1.1410584046953476,1.1502772147704632
1.0147014712561961,1.0215098418321564,1.0521436963267436,1.1017944996941471,1.141731629154118,1.1513316355506695
1.0145238984987264,1.02130553986379,1.05206741590876,1.1020919842090646,1.1424870749154081,1.152367834022665
1.0143125393532058,1.0211012787558174,1.0519788669012544,1.1022618900566301,1.142952638398436,1.1530496516577953
1.014092771636346,1.0209140768547122,1.0519858800937005,1.1025962428299472,1.1436060263233871,1.1539720913791214
1.0138815023089216,1.0207184016566484,1.0519867567486005,1.1030427943082932,1.144503757054051,1.155106830602311
1.0136533789709021,1.0205142579763171,1.0520577658546812,1.1037505801013077,1.1458409189435426,1.1567143542748992
1.0134253069606336,1.0202931465537557,1.0520998481653154,1.1043466054145623,1.1469141899376196,1.158131329358886
1.01321417668835,1.0201060928102208,1.0522155791486136,1.1050782350406494,1.1481499899772776,1.1595403891429392
1.012986203498595,1.0198850698234452,1.0522173328412456,1.1056215651728776,1.1491948064681567,1.160893186263606
1.012699190740937,1.0195961023869953,1.052151569257943,1.1061034319050322,1.1502702612745432,1.1621411464388394
1.0123531851841006,1.01923924375116,1.0519919929366057,1.1065412645134947,1.151405194599001,1.1634872932667977
1.0120241703989157,1.0189419656383991,1.0519586798568294,1.1071268092659665,1.1527024444515825,1.1650192182029322
1.0116362278002629,1.0185343888521439,1.0516930602901655,1.1074349595612123,1.1535929070899216,1.16611627796674
1.011189421799651,1.0180590728040129,1.0513398667040847,1.1075346287075727,1.154254300356653,1.1669714299039156
1.0107680928739013,1.0176179138724646,1.0510542527069635,1.1076786082093046,1.154910301550689,1.1678563832382594
1.0103385164344298,1.017193906408351,1.0508081308361212,1.1079389126822339,1.1557187387617744,1.1689561146658087
1.0098922835896713,1.016744645766354,1.0504867586827737,1.1080746351990374,1.156369793651277,1.1699497273632746
1.009345258602727,1.0161854362111824,1.0499982823399863,1.107957363966812,1.1565625219502187,1.1704274568352813
1.0088321747629372,1.015643470645203,1.0495371580943254,1.1078465682304155,1.1567157664843772,1.1708663671315944
1.0083109448059764,1.0151017941275255,1.0490981017165226,1.1077865598746364,1.1569740996722253,1.1713542281178992
1.0077227634215062,1.014492733051049,1.0486015286150434,1.1076757812186488,1.1572016379118275,1.1718227698091463
1.0071601182119292,1.013960124366197,1.048252868606779,1.1078262405122643,1.1577474513510426,1.1727016368865033
1.0064551061291809,1.0132841509499528,1.047878991750309,1.1080791941705146,1.1584594660336236,1.1735713906005274
1.0057505875548904,1.0126086281826527,1.0474109391339939,1.1082712612308374,1.1591429571185836,1.1745884858057145
1.0051638997121501,1.0120179398162128,1.0470609293118334,1.1086748566818023,1.1600152121938152,1.1758903213774825
1.0043932740557042,1.011242059395687,1.0465635753704103,1.1088670269902938,1.160714121359162,1.1769976180967796
1.003757158315469,1.0106184601257262,1.0462312914352303,1.109172889478572,1.1615188831499712,1.178213848968813
1.0030963515195779,1.0099952454086487,1.0458921381249233,1.1094723661587311,1.1623087159905132,1.1794411550614887
1.002452698027353,1.0093724150073133,1.0455191032623254,1.1097599044136273,1.1631484840378163,1.1807090543031797
1.0019013490434379,1.0088677287998098,1.0453265534941414,1.1101899363765875,1.1641071122467441,1.1820275127471516
1.0013002082340117,1.0082960370868232,1.0451706256165785,1.1106830457399945,1.1651043640062355,1.183455795991721
1.0006577072670615,1.0076742545306197,1.0448744939393204,1.1110153250845118,1.1659044023361866,1.1846984245775123
1.0000239573857923,1.007061252692447,1.044640267906929,1.111444917676878,1.1668400406190615,1.1860608277657765
0.9993489412145569,1.0064150550553026,1.0443364516956795,1.1117820559685732,1.1677112811827237,1.1873753785165502
0.9987076923106109,1.005819592814395,1.0440692756201206,1.11212207598069,1.168563710417987,1.1886122278691715
0.9981084676952244,1.0052831556982271,1.0438935239587246,1.1125178060860599,1.169481032930665,1.1899395115236255
0.997559508037992,1.004830778278163,1.0438900443136447,1.1131639935117614,1.1705179727798636,1.1913079419618777
0.9970108503085711,1.0043618572482997,1.0439109221145308,1.1137706678882253,1.1715441268693338,1.192658090962768
0.9964375690696436,1.0038596763196757,1.0438213197603827,1.1142282420042826,1.1724237612512582,1.1938905043234296
0.9958895284066553,1.0033912084707266,1.0437699985454945,1.1147500722309547,1.1733714704582696,1.1951838857031132
0.9953251910072248,1.0028477048994717,1.0435351502958217,1.1150659180847535,1.1741106944846582,1.1963491899916736
0.9947528790223957,1.0023044957259846,1.043271657670372,1.11534747222907,1.1748278804338725,1.1974657825689992
0.9941974753316082,1.0018033434781217,1.0431116893495291,1.1157610802500217,1.1756150151137632,1.1986133539439612
0.9936589516991369,1.001294093445187,1.0428648195830497,1.1160688443479907,1.1763145060477558,1.1997120828517431
0.9931455612407589,1.0008435111031369,1.0427492353988792,1.1165078314267676,1.1771124393876915,1.2008618069311428
0.9925496739040144,1.0003013875346227,1.0425832644789115,1.11686697477921,1.1778559820785712,1.2019826112842784
0.9919872290888021,0.9997678934612708,1.0423512897025649,1.1171601523600896,1.1785558248412562,1.2030643956344342
0.9914085698718336,0.9992263525189793,1.0421176292884564,1.1173891701913234,1.1791716202597358,1.2040168216143117
0.99092112732498,0.9987433931152618,1.041814546744605,1.1175279126799555,1.1796373930497384,1.2048596333894417
0.9904504397895005,0.9982856357267507,1.0415445431412402,1.1176974044133787,1.180165280783128,1.2057231161267041
0.9899469608159409,0.9977698548149585,1.0411218496474821,1.1176312739836176,1.1804377022687755,1.2063762161479394
0.9894602368935398,0.997270969887551,1.0407617950078123,1.1176433816557525,1.1808754479167003,1.2071603606884356
0.9889325247671965,0.9966975390798657,1.0402578928387294,1.1174543136503556,1.1810919417488184,1.2076834635114004
0.9883556474610823,0.9960746031179408,1.0396822834713586,1.1171488761379578,1.1811450908861971,1.208015576463866
0.9877626340726056,0.9954271546259141,1.039032482044189,1.1167373929685802,1.181047646416199,1.2082571795791588
0.9870629688734708,0.9946639938073676,1.0382116463833742,1.1160831709791994,1.1806470744227895,1.2080860098120516
0.9864625055674061,0.9940008844781626,1.0375221008149011,1.115551171334366,1.1803460094188116,1.2080558076618062
0.9859117306684643,0.9934293339695877,1.036969620296217,1.115176532065993,1.1802279748178697,1.2081866803743029
0.9853859110787744,0.9928829478359044,1.036451999627419,1.1148419791063733,1.1801463423829448,1.2083477719316862
0.9848193141799041,0.9923616842882905,1.0360521018975628,1.1146682495646292,1.1802682908383244,1.2086901371337335
0.9842940772123414,0.9917993460005271,1.0355004041533022,1.11426511121437,1.1801099381759703,1.2088009337296373
0.9836952983153706,0.9911629414201768,1.0348402726456545,1.1137005502246882,1.179754921769569,1.2086397602718066
0.9831296735188393,0.9905847630376816,1.0342771470639565,1.1132652789263087,1.179586806693217,1.208649832269809
0.9826053376929625,0.9899986670528843,1.033616071587458,1.112718851218569,1.1792132708710974,1.2085591835323886
0.9821140350241161,0.9894789177526816,1.033069116416243,1.1123034361807809,1.179053094401804,1.2085994688385062
0.9815575037376024,0.9889017217173258,1.0324699363287217,1.1118835416336226,1.1788723062606625,1.2085793255140256
0.9809849285270887,0.9882836581412525,1.0318435712340157,1.1113915331664497,1.1785726762161546,1.2084584675814742
0.9804535616908032,0.9877318664321236,1.0312992737501898,1.1110229216412828,1.1784410689339773,1.2085692429410024
0.9799061417855258,0.9871309962133774,1.0306890883465543,1.1105405525228036,1.1781543149405367,1.208458457427066
0.9792773686778801,0.9864564566992983,1.0299856430437577,1.1099621459850313,1.177751778882932,1.2082268362227258
0.9786898022566733,0.9858234804729162,1.0293393270527478,1.1094339889972333,1.1774013977287143,1.208055670754261
0.9780944326269673,0.9852073407976206,1.0287028522355202,1.1089023852108388,1.177033459791924,1.2079147309260063
0.9775406729819219,0.9846568232801727,1.0281645672540165,1.108412136853024,1.1767047672150237,1.2077243450813038
0.9769196302402667,0.9841255597473058,1.0278675147701941,1.10837604972026,1.1769649973246614,1.2081010109018562
0.9768624482426267,0.9840480834448647,1.0278070065959655,1.1083861967422808,1.1772081004639143,1.2085414389226041
0.9774754350043414,0.9848189386287458,1.0289340498191129,1.1099224271905372,1.1790382435262774,1.2104139922613544
0.9780572851322215,0.98557620882086,1.0301098741929209,1.1115692621505757,1.1809607863506881,1.2123283971741938
0.9789446696793671,0.9867198734107657,1.0318455510868068,1.1139061284616392,1.1835294160001104,1.2147390580372652
0.9805460151438254,0.9886584134298725,1.0345854576402234,1.117428398990979,1.1872645632818046,1.2181729862231863
0.9821014551013444,0.9907099110029276,1.0377804586913155,1.1217387459413277,1.1919282339167223,1.2224383333070372
0.9839689407715536,0.9930278332719882,1.0411662851512413,1.1261643907777168,1.19668352677147,1.2268422364522051
0.9855377710676085,0.9951012544722112,1.0444393509794057,1.1306117994784044,1.201520684336637,1.23130030406431
0.9869549213580079,0.9970606963688856,1.0477236070337577,1.135189884652045,1.2066007198897324,1.2360153400760658
0.9883397920921498,0.9989720332818376,1.0509185863693074,1.1396731581767863,1.2115847776245687,1.2406511065230996
0.9897041093584125,1.0008618147129054,1.0541210132130159,1.144166620790972,1.2165787680426083,1.2452992566900802
0.9911447071661766,1.0028242925822148,1.0574068095848572,1.14876605621468,1.2216683054732735,1.2500305449678297
0.9924831745048399,1.0046585815958347,1.060403317681375,1.152941016598965,1.2263194678431657,1.254383158751631
0.9939120346333946,1.0065602292141835,1.0634587143799619,1.1571686195387874,1.2309967357046265,1.258759863365085
0.9955122589162999,1.0085732556775013,1.066479246883307,1.161231167172196,1.235455403257274,1.262948043118639
0.9969918196956877,1.0104669442309981,1.0693412403333789,1.16511000162542,1.2397223513787288,1.2669547133971302
0.9982336784954999,1.0121117211331494,1.07199596263506,1.168828654179183,1.243926081399152,1.2709600442255617
0.9994181466652823,1.0136659093627858,1.0745180899972182,1.1723576546968537,1.247936667082983,1.2748048106889112
1.0006749350222148,1.0153327369667922,1.0771914386966952,1.1760808731463812,1.2521232104406677,1.2787981293443418
1.0019489824806467,1.0169820341414282,1.0797995022743714,1.179673409890243,1.2561869246784179,1.2826792167966696
1.0030717350483815,1.0184425410844948,1.0820830481685981,1.1828119696866117,1.2597875218952723,1.2861713600621523
1.0042056763590463,1.0198802122858708,1.0842853418569995,1.1858369296515463,1.263264584959054,1.289553989129258
1.005320602248603,1.0212551503052982,1.086283084133261,1.1885363276204897,1.2663803675307228,1.2926391858170025
1.0063721915746138,1.0225592758449416,1.088242442981418,1.1912064203451154,1.2694863160349217,1.2957203650988094
1.0075117198547492,1.023947957983876,1.0902566853338103,1.1939372467811915,1.2726165803393095,1.2988226737268016
1.0086978641455742,1.0253578478521745,1.0922699925309438,1.196600838040899,1.2756793095118923,1.301864282138377
1.0098205289435507,1.0266904635235636,1.0941560608039576,1.1990884364927985,1.2785670680273844,1.3047631239484854
1.0109521715518137,1.0279969292944473,1.095971565982638,1.201485361773262,1.2813337009616772,1.3075574209381773
1.0120430007402026,1.029274299564961,1.097730214435272,1.203809558264492,1.2840473361541447,1.310308854380274
1.013123748611964,1.030488619682643,1.0993132058531434,1.205863138968196,1.2864635060094542,1.3128064867117957
1.0141944909454743,1.0316664064314973,1.1008207109881658,1.2077752256300314,1.2887411664079527,1.3151934750642387
1.0149650248372537,1.0325673270899633,1.1020599753077118,1.20946859882801,1.2908341815519433,1.3174263346200834
1.0156264927421956,1.033327638350207,1.1030622669111274,1.2108637052142976,1.292648806106618,1.3194483713243843
1.0161437695014344,1.0339007198890857,1.103790440976287,1.2118792777445322,1.2940823792808966,1.3211479721596815
1.016432559081555,1.0342375007960043,1.1043128545758987,1.2127344688562336,1.2954002892409977,1.3227427862557641
1.0170565117661416,1.0348738942893208,1.1050761240744442,1.213727248748753,1.2967930432738926,1.3244146591984742
1.017503102465329,1.0353965769691158,1.1058604962038945,1.2149109055590015,1.2984739286051319,1.3263662938261231
1.017885964853603,1.0359019893263754,1.1067076598983367,1.2162230958740967,1.3003089324663595,1.3284513809468828
1.0186526601628652,1.0367418067256096,1.1077996394069272,1.2176772224694061,1.3021871422899394,1.330557975611387
1.0188032787436554,1.0369685201729026,1.1082675078952875,1.2185212939665122,1.3035030235317207,1.332139585649753
1.019030155206984,1.0373347275492535,1.1089995313468763,1.21975090761721,1.3052715263315744,1.3341256771905137
1.019263031195333,1.0378342064845514,1.110137613229256,1.2216592249409162,1.3077835047657174,1.3367549075545795
1.020064938971506,1.039054936996384,1.1123080356946407,1.2248981378592125,1.311690392009784,1.340635339920086
1.021106271965236,1.0404466728540445,1.1146601313248157,1.2282517682259995,1.3155937486840752,1.344407823639564
1.0222152361303098,1.0419875426359815,1.1172834649380046,1.2319781388295548,1.319809403811594,1.3483748870896022
1.0231640012491585,1.0434726398147804,1.120105352655213,1.2361324211709244,1.3245163983302553,1.352720043611264
1.024460303350915,1.0453151175269781,1.1232357853976682,1.2406200928243822,1.3295393346709063,1.3573643949978136
1.0264180459157888,1.0478833604763134,1.1273357194514302,1.2462613447377038,1.335691724227599,1.3629891686214572
1.0284692334134455,1.0503146483967407,1.1307806682732024,1.2507491976146623,1.3405531973228957,1.367515450793177
1.0303586915561687,1.0524955603177308,1.1337268874922983,1.254506248380436,1.3446287686435816,1.3713712269232106
1.0320198765593296,1.0544824883198667,1.1365577765977397,1.2582118454743965,1.3486159628779972,1.375072463376056
1.0341219263028354,1.0569397774546911,1.1399079893749915,1.262497240529747,1.3532189012809834,1.379371397458807
1.035961362619128,1.059136514861897,1.1430021561333596,1.2665113538190147,1.3575851625379591,1.3834643132345557
1.0380550844387504,1.0616113816380568,1.146414206723892,1.2708972915978576,1.3623138011615057,1.3878809373120502
1.0401903247624171,1.064117363237052,1.1498753327910671,1.2754031774963603,1.3672776402443203,1.3926270712713826
1.0424214906594171,1.0668857583860616,1.1539050176086523,1.2807901787460219,1.3732496768484856,1.398291478468453
1.0447313059369592,1.069579708367459,1.157587839211865,1.285564869767789,1.3785847089495884,1.4034768515600535
1.0475272575008976,1.072704926861782,1.1616348217818995,1.290626564948019,1.3841240022985322,1.408829182471088
1.0503732368433418,1.0757727892738689,1.1653518743575921,1.2950720394817108,1.3889614401906751,1.4136020881244913
1.053173351120031,1.0788576313970017,1.1692427716524783,1.299884215348662,1.3941745505118863,1.4186589585199507
1.0558614936958488,1.0819059020616342,1.1732497949080933,1.3049449396729293,1.3996367860875796,1.4238414170887261
1.0585336923316178,1.0849564754031076,1.1771842808182358,1.3098973027633933,1.4050007872208217,1.428985853719945
1.061314915300918,1.0881128675848823,1.181280021524124,1.3150447519359332,1.4106503118270874,1.4344376600434146
1.0646608023238473,1.0918274936481507,1.1860089727159293,1.3208696207216293,1.4168921378128638,1.4403939630674036
1.0683614961094854,1.0959716994662212,1.1912705143266924,1.3273501479885328,1.4237725901106228,1.446892820608456
1.0715945074168611,1.0995803932445296,1.195832850699754,1.332996370099383,1.4298755589083219,1.4527470512511373
1.0749750540110297,1.1033537959325463,1.2006230426115618,1.338940280391343,1.4362832661558438,1.4589027960742362
1.0784155860453326,1.1071883254272732,1.205490643982304,1.3449524171106129,1.4427986699802942,1.4651719151583464
1.0819464055880506,1.111152548527916,1.2105811405560856,1.3512894989449904,1.4496369314415363,1.4717080655012886
1.0847962147469956,1.1144568814827438,1.21502552424769,1.3569781483350496,1.4558649531649277,1.4776524068040804
1.0871642649415654,1.117284294421783,1.2190210107734794,1.362236270098284,1.4617292916272613,1.4832528403212435
1.088721335818498,1.1191668640377588,1.2217078405511324,1.3658668710101391,1.4659681340535986,1.487482773008915
1.0895971035250454,1.1203981597038961,1.223789483523125,1.3689357522437404,1.4697178685883918,1.4912567380497475
1.090450917317833,1.1215745515617377,1.225838475266034,1.371989104050124,1.473450716050595,1.4950145523522826
1.0912393542665813,1.122629238114712,1.2276032160458077,1.374605369207312,1.4767357609681968,1.4983984666807222
1.0918891392547783,1.123515743360598,1.2290642248096377,1.3768374017859626,1.4796359887761183,1.5014603628041128
1.092435982993292,1.1242791372610743,1.2304448989951806,1.3789866132191326,1.4824705994093115,1.5044854920090658
1.0928792723974927,1.124932349634601,1.231669934925049,1.3809577895095977,1.4851262285792322,1.5073670261111578
1.0933244921119087,1.125581370075843,1.2328780374202848,1.3828861144275277,1.4877435837640092,1.5102163172828202
1.0938364244271432,1.1263022473670756,1.2342115263202933,1.3850141028163623,1.4905673046687427,1.5132406182420943
1.0944373911325351,1.1271247911684839,1.235654559459458,1.3872139078548553,1.4934394022985311,1.516288150253308
1.0950261837524942,1.127892565527465,1.2369330583544518,1.3891541760428083,1.4960398818862772,1.519114303799432
1.0956329253962407,1.1286842112435316,1.2382298510028587,1.3911284980460579,1.4986528106694277,1.5219551980373294
1.0961378115023739,1.1292534646896406,1.2389718429626064,1.3922052056401484,1.5002112710620537,1.5238031114099866
1.0969344176477802,1.1302250579193187,1.2404023846267656,1.3942322623306318,1.5027600947528725,1.5265044056387125
1.097653819591126,1.131089387994205,1.2417056662446857,1.3960913777446173,1.5051414942125976,1.5290681315770331
1.0983976884983595,1.13193929331846,1.2428777990503574,1.3977133226193832,1.507267683200273,1.5314097553071462
1.0990882427306141,1.132725641422218,1.2439598788433228,1.3992369327448437,1.5092849657063554,1.5336653842667853
1.0997961051589533,1.133513351522622,1.2449731188348392,1.4006339824650413,1.5111541067885883,1.535796949791258
1.1004578828875393,1.1342091454398493,1.2458184685157239,1.4017282901947676,1.5127083376717472,1.5376656911545676
1.101170429783049,1.1349743745120255,1.2467368476253995,1.4029544971289043,1.5143949072286333,1.539645672916862
1.1017735516354288,1.1356098188943293,1.2474396941798895,1.403910745235689,1.5157955445385585,1.5413874401482384
1.102269771795568,1.1360863085599076,1.247930676188525,1.4045604017414899,1.5169251753609048,1.5429072857509571
1.1027302755531652,1.1365302063751237,1.2484248117047172,1.4052396252593573,1.518089181172975,1.5444528619088722
1.1032033157113017,1.1369951239945697,1.248959306912486,1.4059858465707156,1.5193153303620113,1.5460538931745202
1.1036280243386112,1.1374869792308602,1.2496620179860027,1.407030305995909,1.520898759474978,1.5479646064649588
1.1041511827116675,1.138086528929609,1.2505438783687386,1.4083675878433117,1.5227881535731158,1.5501352263954618
1.1050185858868218,1.1391104311517344,1.252053704301947,1.4105187390104477,1.525538762463512,1.553085608873575
1.1062137065859459,1.1404704828564196,1.2539189089707783,1.413011818735907,1.5285059838393966,1.556134479489593
1.1073505405773894,1.1418223567035526,1.255802539015393,1.4155932753934728,1.5316352078661384,1.5593547797806186
1.1083963400209424,1.1431320197360832,1.257778544538671,1.4183904050479794,1.534997030662718,1.5627595618485588
1.1091671351920283,1.1441069041181353,1.25926533510843,1.4205430106273236,1.537758593958763,1.5657137468118987
1.110369493265134,1.1454817326244917,1.2611757754072546,1.4231381898679658,1.540959223116686,1.5691104097253457
1.1118519953918038,1.1470266422947002,1.2629443741859265,1.4252847030849933,1.5436041602322133,1.5720269857479556
1.113969560827369,1.1492746151871314,1.2656986727632982,1.428689233323923,1.5475619644428558,1.576152914209467
1.1162043068433156,1.151682344577909,1.26865411524716,1.4323458659466737,1.551781663251131,1.580506456986348
1.1184013338259198,1.1540669914597634,1.2715361710790762,1.4358985265815314,1.5559009543975493,1.5847678838285433
1.1205743131683628,1.1563777904334143,1.274208087268063,1.439131220221304,1.5596682395659591,1.588726991677855
1.1227675474284482,1.1586830561273869,1.276836112468314,1.4422457251756378,1.5632911599326638,1.592577721501445
1.1249432456090167,1.1609541561729426,1.2794378192592897,1.4453518467837774,1.5669070968273502,1.596420292555419
1.1271418394158088,1.1632874398188613,1.2822145762654569,1.4487194147111588,1.5708200734637585,1.6005171635025435
1.1292963834573195,1.1656168892651317,1.2849772506854693,1.452110180638829,1.5747510149169384,1.6046375766884378
1.1313862870019553,1.167930126067508,1.2878593372321816,1.455748403215964,1.5789947293628257,1.6090272822925522
1.1334939730715332,1.1702593475926324,1.2908126750155544,1.459475434343825,1.5833576039521033,1.6135183536309863
1.1354835666408851,1.172409793529151,1.2934782151671276,1.4628382904806616,1.5873492851672983,1.6176915285610214
1.1375379221709747,1.1746415620969306,1.2962216159885738,1.4662699881711927,1.5913815137989922,1.6219003644313077
1.139513714286785,1.1767670216264505,1.298830998627014,1.4695306415069092,1.5952617675983665,1.6259776821991465
1.1412976498952263,1.1786723660106846,1.3011114042658858,1.472385319643899,1.5987569792781957,1.629779776246721
1.143329127817526,1.1808599240285604,1.3036879943080089,1.4755505462524556,1.6024774627801288,1.633717425711906
1.145428120068232,1.183100678396652,1.30636577545506,1.478829389466037,1.6063136652605932,1.6377608739185572
1.1475167462908784,1.1853587166451938,1.3090771495143,1.4821606323103065,1.6102023836959942,1.6418410935118144
1.1495411487512424,1.1875140402721693,1.3116224636974891,1.4852716723014359,1.613887633977381,1.6457481476156997
1.1515255963656854,1.1896163003350537,1.314045322088402,1.4882089106232763,1.6173509046665342,1.6494803361934303
1.1535665928911105,1.1917941822984062,1.3166289202365853,1.4913769554363066,1.6210960292426657,1.6534323711314889
1.1555672752302242,1.1939109676641138,1.3191455396260492,1.4944505263044388,1.624732632435832,1.6573038946907028
1.1576879468519874,1.1961631758374422,1.321776484348614,1.4976549607717395,1.628476255916032,1.6612487697774272
1.1598102540704047,1.1984557105776212,1.3245854160072665,1.501124828590763,1.6325101237799253,1.6654516984706242
1.1618946144081734,1.2006975848004573,1.3273046067788217,1.5044892722710534,1.6364501787589445,1.6695738284604804
1.1639544226997736,1.202871925338193,1.329854775265186,1.5075974810253816,1.6401177257047679,1.6734706345817796
1.1658940125274933,1.2048818940130606,1.3321260393402874,1.510282926041182,1.6433493340123455,1.676997273113739
1.1677618451186407,1.2067951068089176,1.3342623509300753,1.512826182580746,1.646422809602469,1.6803963505341795
1.1696282511948723,1.2086525093560603,1.3362533717730876,1.5151182678912436,1.649220885782132,1.683558163873725
1.1714490097907235,1.210479503329264,1.338152145364948,1.5172827231994364,1.6518824189817816,1.686600922609697
1.173281239324251,1.2122766393331845,1.339990165933631,1.5193173012250103,1.654403579650533,1.689527765305706
1.175150477730264,1.2141352439691857,1.3419313655633762,1.5214927712193436,1.657060648682704,1.6925837494313676
1.1769601952897366,1.2158862475427035,1.3436283611422364,1.523297722252588,1.6593341247310123,1.6952992012697525
1.178543940572371,1.2172619175421284,1.3446438101102225,1.5240917175842754,1.6605465067540595,1.697152945072665
1.1800450360035117,1.2186358869856064,1.3457524876367744,1.5251173338953472,1.6619598828118414,1.6990948480206964
1.1811239204053388,1.2194165425380994,1.3459243568416386,1.5248598977433125,1.6619795831095312,1.699786590150188
1.1815419996346617,1.2194509720508193,1.3451328651023253,1.5234034453783691,1.6608441900999282,1.6995194965569635
1.1816157671761722,1.2190732745630841,1.3437201460218438,1.5211285911057595,1.6588882667882148,1.6985635110816117
1.1817583627787767,1.2187433983382672,1.3423332911389296,1.518829306662297,1.6568196195180285,1.6974281120324501
1.1823779839100592,1.2190146511862947,1.341787471143184,1.5176110112557863,1.6558659003439586,1.6972650570540597
1.183228690421809,1.2195024866034816,1.3415163532555623,1.5167129191801096,1.6552424470062448,1.6974351729647017
1.184799253335923,1.2206978113293132,1.3418510746397716,1.5163398996920436,1.6550178415390624,1.697939774842857
1.1864726962352143,1.221993510475337,1.342364567647363,1.5161564858599992,1.6549404226951998,1.6985201488088744
1.1879163374291923,1.2230933625236524,1.342660645255724,1.515808617776239,1.6547921502194847,1.699103926363765
1.189716639722134,1.2246042697315696,1.3435494753178203,1.5162234968774797,1.655461840729086,1.7004353797542135
1.192850762636489,1.2273928410552823,1.3455793261836586,1.5176297487321424,1.656930210632658,1.7025017578924286
1.1961826733432097,1.2303282030546432,1.3476152407973707,1.5189583765623371,1.6583421862210457,1.7046083065539197
1.199937652965179,1.2337402628133045,1.3502124568473304,1.5209226071416184,1.6603278498901801,1.70715038378351
1.2034642733520555,1.236979347177497,1.3528428157474652,1.5231119615868531,1.6626552582366092,1.7100062389511177
1.207347195961081,1.240505125292541,1.3555835863765755,1.5252342396714886,1.6648721673967068,1.7128663708463727
1.2107139974104981,1.2435187012870264,1.3578379943095507,1.5268855805272177,1.6666959542929256,1.715383356287737
1.2134900159692208,1.245848885595008,1.3592498161869604,1.52755580525413,1.667539729040794,1.7170565432590548
1.2163909365626946,1.2485216744722438,1.3614698422380458,1.529529868622907,1.6698418323831339,1.719974139630947
1.2191371074210944,1.250907828417855,1.3631538171926603,1.5306962569339986,1.6713152014019954,1.722225001298112
1.22161131802565,1.252977497729845,1.3644286628248474,1.531357997637467,1.6722957409191614,1.7240531439823155
1.223907716308036,1.2548429702799822,1.3653401763084267,1.531554486580297,1.672791663252167,1.725467102412337
1.226379145602967,1.2568948399752862,1.3664787569505101,1.5320209803951128,1.6735869857559758,1.7271640191380442
1.2294492639746775,1.2596784856676242,1.3686674662449527,1.5338553370792205,1.675853323136016,1.7302182632039176
1.2320908199140863,1.2619013314918013,1.3700297335210188,1.5345901204265828,1.6770006210201103,1.732342987994063
1.2345392003885518,1.2638880260634369,1.3710371700846755,1.5348786731167985,1.6776951597559366,1.7340794881533754
1.2369097485974707,1.2659593238214844,1.3724271612038192,1.5358859692073217,1.6792084363413482,1.7365059953859228
1.2397059464985067,1.2684828733956015,1.3744651174874358,1.5376609156446097,1.681448986342956,1.7395296142218686
1.2429401722894053,1.2714535435085608,1.376934728670395,1.5399097584573636,1.684202834281816,1.7430641824476878
1.2462390131065237,1.274490323548075,1.3794766628127813,1.5422000194843237,1.6869707757271857,1.746612165879577
1.2496684268453861,1.2776691970952219,1.382219849484611,1.544760116393403,1.6900153364118113,1.7503956419052162
1.2530845842307148,1.280817444181363,1.3848540422823417,1.5471588975186108,1.6928732991361908,1.754012517223958
1.2564401698323402,1.2839015228860404,1.3873991957865568,1.5494186148929776,1.6955754518436605,1.7575074098950674
1.2599022748776496,1.2870923194817712,1.3901670596239735,1.5519829998427168,1.6986122504798067,1.7612750501451573
1.2633762791654946,1.2903334676199025,1.3929396542997463,1.5545524292037056,1.7016516548957603,1.765054911991978
1.266969749207934,1.2936970255273217,1.3959516243772794,1.5574587399047108,1.7050356465480463,1.7691172029105913
1.2705829052001258,1.2971079047426841,1.3989958768455104,1.5604146989390892,1.7084608049073164,1.7732211873285244
1.274309692532492,1.3006974323701521,1.4023743074627528,1.5638460539711825,1.7124048961479186,1.7777603624809855
1.278058237013225,1.3042988940285656,1.4057971061830175,1.5673163920031892,1.7163763376949377,1.7823209155930413
1.281548928887919,1.307650011427659,1.4089417715118069,1.5705526369285854,1.7201954440192686,1.786798557445909
1.2845298295837315,1.3104561919831668,1.4115018837509183,1.5730910344493685,1.7232746619235957,1.7905418154451078
1.2880434786588455,1.3137315785369286,1.414438378502831,1.5759282624078632,1.7264995005325672,1.7943576652737874
1.2914534124647632,1.3169099938171973,1.4172259671517478,1.5785485581564167,1.7295505777458076,1.7980684382421543
1.295369214201292,1.3206015167754954,1.420502855740357,1.5816892506119995,1.7330935334716102,1.8022549404415447
1.2993116711840942,1.3242809838406782,1.4237572492608612,1.5847660318982757,1.7365623269148107,1.8063674209627538
1.3031655249464822,1.3279516419826696,1.427088277055576,1.587989542746558,1.74023070654418,1.8106596687155885
1.3069571549778636,1.3315338245852077,1.430320648701229,1.5911125459689286,1.7438215855781964,1.8148885381215512
1.310884608306258,1.3352785145188513,1.4338258610870742,1.594595575666323,1.7477839122986072,1.8194383340687947
1.3147520943507716,1.3390344235593148,1.4374689188426335,1.598440951028151,1.752252326648044,1.8245477157772287
1.3183275476546983,1.3424612068482495,1.4407251546701625,1.6018091456886137,1.7562789216019528,1.8293076360362095
1.3220110857173906,1.346041267668992,1.4442244700195452,1.6055343425952104,1.7607032671742755,1.8344224022068572
1.3260334104324163,1.3498884845556554,1.4477932684027477,1.609173212460579,1.764927263242292,1.8393735080273526
1.3305213264846105,1.354260954471669,1.452018229615658,1.613547162409972,1.7699118957451048,1.8450257434404047
1.3355607004215198,1.3593053693601351,1.4572934717577541,1.619379016940942,1.776542512532641,1.8522177159810784
1.3414153886541538,1.3652534106590282,1.46368033582377,1.6265262430535328,1.7844867025560478,1.8605678599668722
1.3472111974838432,1.3711712573907278,1.4700257711584994,1.6336156274349374,1.7923609250494372,1.868865389144038
1.3529299570360216,1.3769177844270122,1.4760674480611489,1.640288978815404,1.799773426067912,1.8767683642968973
1.3586234596497802,1.3828004631542357,1.4825297386648166,1.6476679966937147,1.8080484471759102,1.8854426536097295
1.3643397408023192,1.3886543063821688,1.4888989779949506,1.6548963686789278,1.8161533597032289,1.8939547492421627
1.3700776962264865,1.3945474430021758,1.495364237466893,1.6622309105380484,1.8243672072123678,1.9025681768851648
1.3759140896018076,1.400591886363609,1.502049303252852,1.6698901532137562,1.8328905886543545,1.911464946640271
1.3817950182119554,1.406695762431216,1.5087956831441949,1.6776176115489883,1.8414872697651634,1.9204088740527963
1.3869172843835134,1.4120141446436059,1.5148073528890866,1.6846170556242996,1.8494010783514783,1.9287074985600736
1.392160492123419,1.4173084132909817,1.5204858872675449,1.691058550079068,1.8569076167499032,1.9369252015501333
1.3976889172412827,1.4228880668139066,1.5264045380484925,1.6977155041041547,1.8646675644594273,1.945434870529983
1.4031781150107019,1.428334829402234,1.5319907946919606,1.7038733094059653,1.8719280579945798,1.95361412181999
1.4090268268437944,1.4343214278053353,1.5385335330339993,1.7114096562367236,1.8807200467491165,1.9631547322984604
1.415244974915228,1.4405898345477117,1.5451386678114125,1.7187761650717548,1.8891747476801983,1.972381714372641
1.4213734579828277,1.4467588427296487,1.5516517942962864,1.7260820797932939,1.8975860322295484,1.9815620345496905
1.4270574946143986,1.4524492503952178,1.5575144499636178,1.7326041562738372,1.9052154188763966,1.990078994695883
1.4318302604835673,1.4573098208621662,1.5627803692630804,1.738723542299678,1.9126407865898802,1.9984063175469629
1.4360810688730854,1.4615357113050174,1.5671230916545047,1.7436368787807042,1.9187346615673138,2.00550054159366
1.4403852643583583,1.4656775274152898,1.571060870635773,1.7477867896830943,1.9239513198899179,2.0118334886737776
1.4443809300419743,1.4696083268816922,1.5750026956300305,1.7521842616809846,1.9295175384678023,2.0184462133191667
1.4488321727375444,1.474100286723624,1.5798174179035296,1.757772981707751,1.9364362908233952,2.0263490880172452
1.4541079590311168,1.4793903773129238,1.5853991869156074,1.7640567546291843,1.9438570657140917,2.0346296418848535
1.4594202697935947,1.4846100320733657,1.5906554943058733,1.7698046274826558,1.9507838978033853,2.042586985533422
1.4649275252321423,1.4901695020328969,1.5966016862974055,1.7765386958727714,1.9587736347374851,2.051486501905406
1.470312507156822,1.4955919001330622,1.602424920682939,1.7831682416839851,1.9666789497001493,2.060310296933858
1.4756501930834205,1.5009933244490903,1.6082565347030815,1.7898728977076483,1.9746951026467425,2.0692442221112106
1.4810681590571693,1.5065097235522324,1.6142593177311395,1.796798436830232,1.9829307978196218,2.0783744417636285
1.4865663474614295,1.51211819014393,1.6203833554941556,1.8038947461648016,1.991354431307193,2.0876671134644016
1.492380820611816,1.5179716487564547,1.6266299973117728,1.8109979415717559,1.999732319054066,2.096936138487379
1.4982986077298266,1.5241220759319487,1.6336221297598994,1.8193036104879432,2.009485555944825,2.107408254163729
1.5037982654810873,1.5300321805269355,1.6407413765548586,1.828084131914876,2.0199266843317076,2.1185297914869943
1.5091099256515672,1.535726749699027,1.6475503124358928,1.8364796310975677,2.029905899590105,2.1291998949828836
1.5142577843807803,1.541221289286138,1.6541792747931643,1.8446635043467194,2.0396606681267264,2.1396488268068756
1.5192057746552563,1.546762213510084,1.6613306931433416,1.8538668509879561,2.05059486829364,2.1510707069514736
1.5237868384415165,1.5518624481117935,1.6679419342289885,1.8624512194441811,2.060965941971191,2.1620370811087497
1.5278514512604096,1.5564483841023116,1.6740316547134937,1.8704949555180188,2.0708879324475684,2.1726596339406345
1.532145329712825,1.5613645481039116,1.680688123009078,1.8793592421403453,2.0817056387020623,2.184095926972936
1.5363665325231368,1.5662328699669148,1.6873191279843904,1.8882133435256543,2.092510126596791,2.1954856621421617
1.5409969566526014,1.5713327165236184,1.6937905530044988,1.896560812378908,2.102698859639205,2.20641614254424
1.5458647897627409,1.5766852277338546,1.70055402844845,1.9052190643035196,2.1131601438721486,2.2175370157859837
1.550396859690116,1.5816508940732972,1.706832301415864,1.9132966808846796,2.1230400478907887,2.2281573067000147
1.5547133061426543,1.5863893518260626,1.7128779039023858,1.9211593427747544,2.1327251425815223,2.238618378604653
1.5580023509973693,1.5900476008138635,1.7176647615423177,1.9275823130362473,2.1410264577944242,2.2478777328449575
1.5611912677087971,1.5937500959810842,1.7227376766110187,1.934566552918972,2.150031982244103,2.2577663480906307
1.5643775523085142,1.5975444237484198,1.7282554217066057,1.9422715130315449,2.159805408969057,2.2682694495840283
1.5676704596277096,1.601465116849834,1.733834244892285,1.9500455698647006,2.1696782929881997,2.2789086357793824
1.570892580998906,1.6053160817647334,1.7394328139176474,1.9579190822411574,2.1796411931929924,2.2895580254709085
1.5742410483930596,1.6093290249961274,1.745188884099517,1.9659158186524799,2.189720956336665,2.3003077536408756
1.5773041997521486,1.6128865271569974,1.7501612324260396,1.9728275486742863,2.1985697749742346,2.30996232713757
1.5807370677107948,1.6168586873493553,1.755617264292013,1.9802910282809332,2.208002401657447,2.320156813006282
1.5841863915462884,1.620846684622786,1.7610918962175877,1.987761314229179,2.2174607171952334,2.330373421947464
1.5875390997734042,1.6247509916530816,1.7664693658347053,1.995127620530424,2.22680085440383,2.3404882127758952
1.5908734104796638,1.628627353443298,1.7718372977887689,2.0025068378259037,2.2361631137096376,2.3506313489422777
1.594357608915473,1.6326246840994683,1.7772035187280006,2.009757197664234,2.2452762149565917,2.36050743985378
1.5981819561822932,1.6368621400538153,1.7827101778490086,2.0170270062170537,2.254335445369861,2.370344743030151
1.6019394033232202,1.640936076285347,1.7877956395091963,2.0236116861766518,2.2626550648379347,2.379564259484302
1.605562131511226,1.6450059100356096,1.793101835021016,2.030636820565353,2.2714441125781337,2.389107517299119
1.6091300532585777,1.6490197835405964,1.7984009383011108,2.0376641965599305,2.2802947057701513,2.398704397921077
1.6128365352436544,1.6531906441575248,1.8039226333260157,2.0450484680731056,2.2894860134683026,2.408591363987839
1.616209063536054,1.657017313353914,1.8090224310412113,2.051884034676936,2.2981272940176214,2.418026348199631
1.6197145656127663,1.6610537417843203,1.8145171448060573,2.059323444248376,2.3074835434534577,2.4280716307260617
1.6233028350820127,1.665182826229604,1.8202033358001972,2.0670295113390105,2.3170987313761753,2.438344906125855
1.6275613911534703,1.6700838872128188,1.826905479689835,2.0759805569595824,2.327959547714624,2.4496760881617434
1.6320800236644555,1.6751881629467078,1.8337210761820468,2.0849487698357647,2.3387630285483763,2.4609475314972156
1.6359524718412677,1.679645010618156,1.8397069238069432,2.092923711013051,2.3485439129581756,2.471275383148911
1.6395223441417073,1.683701814854454,1.8451934361242168,2.1003120778703,2.3578069601011564,2.481196516504709
1.64307758093875,1.6878718014706853,1.851127368496257,2.1085804868249056,2.36816858426605,2.492209924825434
1.6457503494720986,1.691102045954427,1.8559557050093491,2.1155589593837485,2.3772979449883445,2.502128394586248
1.6492467871427945,1.695150915991903,1.8616516929566203,2.1234103494360634,2.3872680090946568,2.5128720643902933
1.6518728673553915,1.6982469427156959,1.8660943789219548,2.129789399064177,2.3957993151494446,2.522387582747389
1.6543577622728594,1.7012680863228744,1.8707215989858468,2.1365904069681627,2.404858926956809,2.532377537537957
1.6566987011201675,1.7042224772661485,1.8753893789029263,2.1435536653489757,2.4141285652300843,2.5425628926778563
1.6593880200374804,1.707738355763724,1.8811787920928675,2.152206338958253,2.425350481927527,2.554485698617
1.6628409560543616,1.7120520012114886,1.8877202627897915,2.1616135432784573,2.4372823733786846,2.567057139245059
1.6663232939025434,1.7164628952681744,1.8945766713836254,2.1716431168168038,2.4500417965486605,2.5805122183487934
1.6696352279973803,1.720800488802383,1.9016870819727307,2.182243673244652,2.4635966471693034,2.5947362987735
1.6728713906919808,1.7250659425995791,1.90876260281116,2.192856000929869,2.477203679698962,2.6090190805947713
1.6760393106920435,1.7292403596536492,1.9157210520047718,2.2033098045552233,2.4906494148170415,2.6231706635966705
1.6790553489960844,1.7332741209820812,1.9224407835776938,2.2134302838363897,2.503768032946247,2.6370517630881105
1.6820458350882468,1.7372136049683264,1.9290635164034415,2.2234728175137586,2.516802117312615,2.650875214264535
1.6848887740847711,1.7410640596213856,1.9355433865713443,2.233344522449024,2.52966997886132,2.664559926740145
1.6877101727679065,1.7447661670858066,1.941712706683333,2.2427245003901586,2.5420226776390757,2.6777927211788652
1.6904290654865997,1.7483741713937957,1.9477640369893627,2.2519957469947807,2.5543001912497134,2.6909532890910697
1.6931054119776778,1.7519156767749509,1.9536429471568337,2.260961114527031,2.5662291158618205,2.703825397559555
1.6963880228793464,1.7559059482894974,1.959776745702802,2.2699353837024367,2.57804974993445,2.716675229910016
1.6991484743736311,1.7593647493869609,1.9651411986636849,2.277971932705144,2.5888104719218523,2.7284851240479213
1.7015078585380778,1.76244282903717,1.9701429344268686,2.285615172603663,2.599145852075907,2.739818764282287
1.7040913104693485,1.7656657313696864,1.975158084139998,2.2931379407759214,2.6093782909742624,2.7511371756027008
1.7060906118542645,1.7682256323269314,1.9792135221882918,2.2994086685883754,2.618341422116753,2.761446183182237
1.707742675762957,1.770363211241904,1.9828109195581172,2.3051704983232053,2.6268020006073396,2.7712790107884495
1.7093386490970472,1.7724652838746866,1.9864027664711859,2.310930185353034,2.6352287807094847,2.781038413057084
1.7110456107882503,1.7747638719548526,1.9902853494265969,2.317113706668292,2.6441479123384104,2.791240116587822
1.7127563614489962,1.7769753646638202,1.9940620440133634,2.323155046138916,2.6528939238327074,2.8012773193934044
1.7140921303069232,1.7787705763581096,1.9972250702900562,2.3283763541841744,2.6607736132336965,2.8105611970486106
1.7155505398303335,1.780656917907196,2.0004112619356658,2.3335311301078576,2.668503202844312,2.819671946495073
1.717337243467846,1.7830030645152108,2.0045353651929956,2.340164285285845,2.6779280668687733,2.8302973398400106
1.719219129657631,1.7856389241267487,2.00935241545229,2.34792657136366,2.6886449254802165,2.842043845216755
1.7206344780496898,1.787825855000058,2.0137503336785043,2.3553034739194367,2.6991440546259113,2.8537559302508315
1.7220550314759167,1.7897756250023833,2.017246046824447,2.361137066087153,2.7078097923734856,2.8638276318875926
1.7234953007933451,1.7918252939816879,2.0209864040635597,2.367387609460261,2.716947026968924,2.8743010665130955
1.7242566514227688,1.7931972571019066,2.024093743846462,2.372966610893163,2.725445850991129,2.884117969192686
1.7255515814648799,1.7950265688810523,2.027459241879126,2.3786038640780367,2.733957119731689,2.8940817500376657
1.7267232596285367,1.7968261481294483,2.031165106290876,2.384934748023521,2.7432676516530567,2.904671805691716
1.727228629537037,1.797937925204684,2.033974984421504,2.3902471961390677,2.7516610332737272,2.914524580027387
1.72761217490818,1.7989188814177066,2.0367164974592424,2.395590363875964,2.760206241434886,2.9246342031326584
1.72784136552237,1.799702546559251,2.0391054894863703,2.4004380246910997,2.7683071387512834,2.934432417980443
1.7280649247237836,1.8005050066742658,2.041526219819772,2.405332593081178,2.776478110193826,2.9443204926789606
1.7283517565319544,1.8013011381291717,2.0438559954059623,2.410020004872063,2.7843193584282586,2.953871790315543
1.728835248661099,1.8023492333742994,2.0466330535589936,2.415381777021109,2.7929319464504982,2.964096626450721
1.729239532554115,1.8034008231679162,2.0495080963349945,2.4209673039820983,2.8018299957417323,2.974596536344165
1.7296038504997757,1.8043989662484754,2.052356778446887,2.4265091215538286,2.8107134748465525,2.9850813210230447
1.7299140362201946,1.805275887216299,2.054978210161098,2.431749690497989,2.819252778128114,2.995266985864782
1.7300358232754895,1.8059296137296041,2.057264633143461,2.43647683537966,2.8271846545366714,3.0048461936695263
1.730333753194425,1.806835053483243,2.0599352581170574,2.441760064331011,2.83570351466251,3.0149531461175227
1.730612891840956,1.8076586257975398,2.0624041315990196,2.446722329935754,2.8438245929541663,3.02471351080449
1.7307218012672743,1.8082600177206232,2.064477991020946,2.45111132416792,2.851365558058225,3.0339723452640737
1.7304141074013826,1.8084572677171677,2.0660463882012325,2.4548650830336585,2.8581251484457364,3.042404200013609
1.730136031052635,1.8087763256647125,2.0681469130435897,2.4595197263093875,2.8659831209845263,3.0517691220403105
1.7298056137205011,1.8089986386910841,2.0700215348223603,2.4639204785527395,2.8735251137863838,3.0608508902367064
1.7295460347237885,1.809324706818421,2.071991171183807,2.4684187871561387,2.8811349692354535,3.069999651922163
1.7293294082527573,1.8098180552550531,2.0744329285629655,2.4736708540282435,2.8896636453414946,3.079949608235308
1.7292099516073294,1.8103957479506307,2.0769131843196793,2.478934609050162,2.89818791210212,3.089887932813791
1.7290744431934582,1.8108796903310578,2.0791873724503147,2.4838339542310583,2.9062597642231514,3.099439390282154
1.7289582647580246,1.811444265851952,2.081631843711969,2.48901671672657,2.914654396373573,3.109290062323324
1.728953257449954,1.812098494668054,2.084130956147648,2.494199672040888,2.9230293729046277,3.1191159438928
1.7287681971773923,1.8125977221933802,2.0866085698021526,2.4995270101134865,2.931631054349567,3.1290842940626913
1.7274361590394236,1.8118672497401167,2.0875928699784443,2.503042122767545,2.938307727304097,3.1372725523912077
1.7263276014902484,1.8114343496745493,2.089018024260427,2.5071817033737247,2.945746740348431,3.146181783769829
1.725405272361274,1.8110946001243438,2.0903495082032495,2.511027018975426,2.9528019886445382,3.154775309652955
1.7244394854618637,1.8107926563719916,2.092002164247928,2.515486027931754,2.9605941810266296,3.1640323675223465
1.723639145154993,1.8106867600992824,2.0938373120652813,2.5201815074967753,2.9686101780902208,3.1734854296781063
1.7234859843889394,1.8112695500047553,2.096633129401965,2.526083560959291,2.9779019664158835,3.1841082284107753
1.7229488533637185,1.8116695513683878,2.099610088036892,2.532621154112144,2.9881302704917583,3.1955233559023966
1.7221582886473257,1.8117997345862316,2.1022070076236514,2.538685470686813,2.9978419411461066,3.206497041445988
1.7215502043991742,1.812070328919396,2.104968708164567,2.5449168370460957,3.0076716441999793,3.217517040388823
1.720353686034222,1.8116617664583798,2.106751557180983,2.549813760745358,3.016004815077822,3.227127130085077
1.7188048349691307,1.8108930133307044,2.108198906389161,2.5542836762312278,3.023783949461311,3.2360724820267244
1.7174764892581524,1.8103718576753869,2.109877899371108,2.5590975825533278,3.0320531244299844,3.245598800599067
1.7164071832177488,1.8101424730804752,2.1119152091840796,2.564351767473015,3.040710278033886,3.255387577505119
1.7152449660214426,1.8097443457230487,2.113726721999493,2.5692857594919043,3.0490245173140593,3.2649003392843126
1.7134467848375792,1.8086604809017985,2.114626724633021,2.5731019048592256,3.056101657482363,3.273219612692923
1.7117510960110338,1.8076578879219654,2.115538333989959,2.576824203847163,3.0631040642142957,3.28150760894934
1.710326798820109,1.8068328204579156,2.1165168094781937,2.5804506375007583,3.0698005020186216,3.289443040778642
1.7091977376297285,1.8063553425345875,2.1179356820717166,2.5845463329565836,3.0768987287963285,3.2976247891049666
1.7072873907187212,1.804879310543478,2.117766609377093,2.5863621083670463,3.0814181079079193,3.3034248219833096
1.7048485647983727,1.8029138711292665,2.117199410415066,2.587911523252982,3.0857233243724704,3.3090303225004405
1.702800399623239,1.8014347696204882,2.1173451087018154,2.590475051482489,3.0911424789313258,3.3155838240686353
1.700489770699158,1.7996988551636355,2.1171544522450483,2.592630353713755,3.0960963658383562,3.321646114970786
1.6981689961075335,1.7978841919009765,2.1167885762001477,2.594445543363342,3.1006301568126045,3.3273732737486292
1.6958458298793737,1.796188259854503,2.116752713818576,2.5968432401364345,3.1057709910575384,3.333552781952842
1.693423567333677,1.7943817727331435,2.116720357591695,2.5993522510985803,3.1110523225814513,3.339722201659518
1.6912312200600266,1.7927723073613107,2.116776598447655,2.601796680281097,3.1161176904413836,3.3456835168777257
1.6884487095999718,1.7905175027459812,2.116026234752626,2.6032000089889054,3.1201354095997424,3.3506953348382504
1.6855470243689767,1.7880667893210729,2.114912716496703,2.6041301982738188,3.1236329540455774,3.3552997825446935
1.683012571084754,1.7858403303480914,2.113589800464183,2.60443921943889,3.1262552600987266,3.3591421036908344
1.6807099517372246,1.783895592448584,2.112721594344383,2.605370198390804,3.1296998059094667,3.363933020891749
1.6784978476387225,1.782090693926498,2.1121735681958547,2.6067134084233037,3.1335859605873893,3.369021197335327
1.6759680640542718,1.7799071464285443,2.1109418015635573,2.6070957855535775,3.1362812880673645,3.3729109119943956
1.6728374729068753,1.7769205213816686,2.108356106345568,2.6054917601448757,3.1365859967376393,3.3745593074196636
1.6696789380912032,1.7739317255122078,2.1057965828472103,2.6039071039016273,3.1369448906787043,3.3762428122435257
1.6665469409942228,1.7709323948921911,2.1032235479912,2.602274643824754,3.1372339665105358,3.37787379750379
1.6633445032577676,1.767827748153135,2.10044836954448,2.6003157770608256,3.1371722019109396,3.3791976698361483
1.6602835128824531,1.7648286528760664,2.097730068057454,2.5983384323737737,3.1369780104183222,3.3803833323355534
1.6571415498677178,1.7617567890829529,2.0948397815532434,2.59611884097468,3.136503477101326,3.38133020124286
1.6540609096145724,1.7587184387626744,2.091999529059686,2.5939485654110106,3.1360672128319984,3.3823010918089387
1.6510930431943243,1.7558379071645216,2.089450066240608,2.5922112720448953,3.13616574219154,3.383730667601448
1.648079138593076,1.7529453290358987,2.0869083819191343,2.5904802132332034,3.136289915851553,3.3851959687854736
1.6449722746163664,1.74986224089125,2.0840056474571766,2.5881536588335035,3.135696137381652,3.3860481608565784
1.6418991972775816,1.7467499856319364,2.0809573134053876,2.585520819716095,3.134725418666285,3.386540039163598
1.638899865876693,1.7437622012157346,2.0780748024347657,2.5831595320957597,3.1340334829243814,3.3872837651771457
1.635939098902498,1.7408697945309735,2.075392775098698,2.5810830370498126,3.133693175873079,3.3883353289613485
1.6331045463302272,1.7381432712654725,2.0729813561832873,2.579526194119358,3.1339303009706954,3.389898669455144
1.6300554485903878,1.7351713565939144,2.070377880819932,2.577781794070551,3.134073262950017,3.391428248063618
1.6267583216293127,1.7319100014369748,2.067236266765015,2.5752548229291268,3.1333566140336653,3.3922335938636423
1.624064618156453,1.7293128804835616,2.065025858122795,2.5739278245669674,3.1338572484471348,3.394069893142106
1.6213945023025782,1.7268117052431986,2.0631127097281596,2.573104977543061,3.1350297909638956,3.3964957364198507
1.6187277973183374,1.7242862664117753,2.0610668045251774,2.572054113154815,3.135874146849805,3.398634164978488
1.6161347061808575,1.7216877661202854,2.058604344704555,2.570175497015673,3.135717018583889,3.3999794145287963
1.6134662230348598,1.7190225295708026,2.0561545872007696,2.5683383147648353,3.135648945467758,3.401414712166662
1.6107626870945817,1.71634723089092,2.05368812563776,2.5665203332214532,3.1356308811640305,3.4028688236880797
1.6081526460370021,1.713820474147237,2.051425307956769,2.5650682373785307,3.1360352477770035,3.4047193850404303
1.604966548418244,1.710626540832934,2.0483110443919945,2.5624708413296498,3.1351565385615716,3.405393357930408
1.6013318372778615,1.706885121911388,2.0443273422430974,2.5585677494621093,3.1327681267306073,3.4046273754864886
1.5978622217925529,1.7031712609170626,2.0400256922036077,2.5539524354483842,3.1294426153137755,3.403024408496448
1.5946136379055622,1.6996483968332552,2.0358760506926785,2.5494181550645916,3.126177119479244,3.4015497213847046
1.5917086603840238,1.6965701128277582,2.0324629635307048,2.545997113404661,3.124212010624959,3.4012941837092594
1.5884556252030075,1.6932093705679454,2.0288300930826186,2.542446384687257,3.1222973736210227,3.4011646096641677
1.5855120840393087,1.690324618547583,2.026193093265958,2.54055098521663,3.122285721613123,3.4026470836381097
1.5826517747434325,1.687535799519542,2.0236367130880177,2.5386807613251356,3.122263128457024,3.4041324167640443
1.579758924418685,1.6846365082579637,2.020723966620103,2.536169305534963,3.1214882164533715,3.404918430930565
1.5767019375632678,1.681608769956564,2.0178878351357037,2.5339988216015805,3.121243286094539,3.406234177871667
1.5737671273570168,1.6787500398752564,2.0153460572071467,2.5322825368680064,3.1215247531658306,3.4080172574717253
1.5709961071459044,1.6760715771389287,2.0131166096859334,2.530968028551528,3.122223896042913,3.4101892929075293
1.5682440971043452,1.6734250264309845,2.0108224413412814,2.529522194192633,3.122718888007537,3.412148447540112
1.5655315819205247,1.670743552871431,2.0083942613913637,2.5278123627590565,3.122906367813402,3.413837944096561
1.5629138612537716,1.6681949770037214,2.006163256554389,2.5264256534687615,3.1234466155418055,3.415824187124073
1.5602349343997355,1.6655698887129093,2.0037893225585726,2.5248250119012527,3.1237477648831105,3.417628902952082
1.5576128419273592,1.663019873656436,2.001540312193816,2.523377658936162,3.124197862918417,3.4195603754452693
1.5550121813183764,1.660488173230039,1.999315621218036,2.5219593172571333,3.1246716926012965,3.4215146616373797
1.55246797018021,1.6580163565139299,1.9972403823225169,2.520653377171223,3.125290064704828,3.423611063314515
1.5499902824562095,1.6556274439433525,1.9951806189907795,2.519432882899676,3.125958385542978,3.4257317715481377
1.5484030770556123,1.6542294845551297,1.9943621562666065,2.519768854708188,3.1283198970181783,3.4294555030475142
1.5468481238412788,1.6527846301327322,1.993331749312724,2.5196472935182284,3.130062745045473,3.432529071941343
1.5452305562549231,1.6512944337597486,1.9923202303707208,2.519564266287486,3.1318514299598745,3.4356838073479725
1.5438140089698291,1.6500737514321604,1.9917652873603104,2.520267739649528,3.134699929175242,3.4398746408966767
1.5426287961673968,1.6491134867897006,1.9915037260771282,2.521259144009079,3.1377913321300555,3.4442670265375503
1.5411443847820612,1.6478721718482017,1.9910600616236485,2.522213070396505,3.1409239690672757,3.4486708008620734
1.5396498017481024,1.6466601111374357,1.9907990805987659,2.523531005444057,3.1445602856502846,3.4535709079290107
1.5385110358667629,1.6458477893710917,1.9910010636526272,2.525452942244813,3.1489937529227814,3.4593648937999473
1.538045422812571,1.6457163970738342,1.9919950933108488,2.5282540329157226,3.1543920602885764,3.466132322555965
1.53718967088356,1.64515463831793,1.992293019926615,2.530081327871201,3.1586658511885473,3.4718575247014036
1.53632204982452,1.6445226404062485,1.9924086980709772,2.5316708744912844,3.162589814814014,3.47729759307301
1.5355129864834247,1.6439271181329664,1.9925738883888953,2.5332288547135904,3.1664695560885594,3.48267303774238
1.5345807301666017,1.643155605583395,1.9923325661047944,2.5341474877894994,3.1695455259709684,3.487347498404918
1.5336078913690268,1.6423496782612725,1.9920737444673333,2.5350212562385996,3.172638219587321,3.492002023375033
1.5326802984114045,1.6415421261091596,1.9918240736898847,2.5358806308527346,3.175676190180772,3.4966242168206456
1.5318133908492277,1.6408233723968892,1.9917268620487072,2.5370096362023573,3.1790663748555934,3.5015584089472096
1.530953060006814,1.640167497561474,1.9917301113602088,2.538303379625725,3.1826124507284037,3.506647121499493
1.529651641356133,1.6389911562507435,1.9909782534940863,2.5385418775557635,3.1848750798894954,3.5104009704257635
1.5286813397899592,1.6380512160202527,1.9902544702694018,2.5384562834005564,3.186623758347852,3.5137167949283015
1.5280753756623442,1.6375921424874453,1.9903633146675375,2.5397132720262485,3.190013722034067,3.5186004529676476
1.5275324919558837,1.6372252529226394,1.9907006795426372,2.5413444200627167,3.1938772042755663,3.523914354667984
1.526945653669225,1.636822730585951,1.9909273478072453,2.5428031528801425,3.19755539130705,3.529095057604324
1.5264335821730126,1.6365079685736694,1.9913475251366095,2.544537682202358,3.20150105094384,3.5344726135954905
1.5258782062079426,1.6361445129745253,1.9916662940860073,2.5461042484040854,3.205304547837645,3.5397560688734497
1.5253356179609807,1.635788702977883,1.9918585499985142,2.5474252378513147,3.208716727530259,3.5446745798953736
1.5248567107063642,1.6354880839228731,1.9921461956030262,2.5489133707828175,3.212364682947713,3.5497981876561493
1.5243184153931357,1.635107766509835,1.9922810235063844,2.550101775475225,3.2156223590330235,3.5545468234570037
1.5237558174715542,1.6346390798314454,1.9921958657102927,2.55090337388293,3.2183931367289356,3.558873841608777
1.5232656068498482,1.6343093959690378,1.9924718266007595,2.5523216747791952,3.221889191761118,3.5638433854641165
1.5227967237407247,1.6339424602773231,1.992567528345038,2.553440548436052,3.2250267410037305,3.568487640278124
1.5223082894008941,1.6336340876076094,1.9929094735642783,2.554984759598835,3.2287215214955487,3.5736379835524708
1.5219780437668784,1.633606976762438,1.9937948502597163,2.557457169120401,3.233547488438012,3.579807413746308
1.5216689944933743,1.6335037707883142,1.9944465326304375,2.55945686600127,3.237762537510689,3.585437102208166
1.5211905371702636,1.633295497790212,1.9950764776004621,2.5616319702769483,3.2423541688289825,3.5914994532707403
1.5204931354841968,1.6328336169014765,1.9954772315768687,2.5635136979114366,3.246573868611452,3.5971366199360113
1.5194416904001995,1.632041403581647,1.9954833025220127,2.565008999427011,3.2504425541869915,3.6024443987485544
1.5187205070203758,1.631576034118317,1.995849784113768,2.5668840629947898,3.2547605090919727,3.608296341099224
1.5176915467727707,1.6305946294938596,1.9951303372813705,2.5669826371268543,3.256891220545926,3.612146596081431
1.5160007022691757,1.6288490630461456,1.9934195720264567,2.5657572746381034,3.257567466785664,3.614699339627867
1.5147450986024324,1.6275347499644217,1.9920750534583989,2.564828936456896,3.2584591212384857,3.6174175422447084
1.514104391576725,1.6268700451173417,1.9914829246471022,2.564714552789366,3.260275524142039,3.6210437367542663
1.5141180866976318,1.6269659997021597,1.9919547390446983,2.566129551603256,3.263915838698043,3.6264846615806183
1.5143799212810465,1.6273955833627287,1.9930000863401434,2.568473035519825,3.268648268475995,3.6329120356807643
1.5155299704996494,1.6287954449540143,1.9952874648244208,2.5723583161407957,3.2750092657372183,3.6408174857092233
1.5167612246366156,1.6302819285286765,1.9977119749571135,2.5763672250240393,3.2814877192110736,3.6488272645295052
1.517958776825697,1.6317589545030056,2.000021846355437,2.5801932176813143,3.2877499554362384,3.6566030028622007
1.5190845874894257,1.6331104600672939,2.0021745789315277,2.5838082684152153,3.2937851628129753,3.6641959664434967
1.5203062521777895,1.6347838154888987,2.0053743875977497,2.589366126926346,3.302325331689786,3.674156092849922
1.5215788030455146,1.636580506858951,2.0088102196005133,2.5953702377544037,3.3114471888415866,3.684623762878733
1.5233420848988242,1.638827973891621,2.012620917983045,2.6016993147102037,3.3208637534225147,3.695517042779151
1.5253951624885025,1.6413658178201231,2.0167717138642183,2.6083908090181165,3.3307824063095546,3.7069752420262314
1.5278508855692656,1.6443270430840342,2.0214095564641967,2.615640019499263,3.341434219769672,3.719329543528352
1.5309004838562223,1.648005299778797,2.026984773568336,2.6242154774648037,3.3536975238225404,3.7333289701844814
1.5342659629279454,1.6521612686983662,2.033438471265988,2.634265155070493,3.367867527521235,3.749173123600722
1.5376621185426411,1.6563294851439074,2.0400040887937796,2.6445155457981384,3.3822618674971103,3.7652323454490833
1.5410608306692621,1.6604662821941838,2.0464682482845373,2.6545148248177086,3.3963665668358436,3.781014818903078
1.5444131427298955,1.6645383680324681,2.052776761594356,2.6642551587848446,3.410157823484791,3.796514368296394
1.5478597291988672,1.668737455119853,2.0592140895021687,2.6742206443851773,3.4241680195157356,3.8122050399102774
1.5507042205751627,1.6723736755541376,2.0652530847453163,2.6839563654425462,3.4381802755508035,3.827904590995866
1.5535493242626728,1.6760133378250228,2.0712120773691467,2.6935527852743713,3.4519930203956624,3.8434730123651764
1.556478514808057,1.6797606303157644,2.077486944341629,2.7036776024165414,3.4663368935292405,3.8593066132343252
1.559060852706981,1.6832449149335356,2.0837675045304556,2.7141520537720236,3.481344573847818,3.875756374950632
1.5619837863130295,1.6870324605507896,2.0901900407950142,2.724594196183158,3.4961501777567077,3.8920325998492973
1.565390230641735,1.6914397172008742,2.0976700421986476,2.7367007208704317,3.5131276950322685,3.9104965847993025
1.5690605450275887,1.6961510834220872,2.1055829150223,2.749459560589831,3.530787575751708,3.9295962736113856
1.5727736129877445,1.7007877736582921,2.113205977433931,2.761573617544076,3.5477221730842827,3.948142217453185
1.5763914269191872,1.7053621573317919,2.120818823414916,2.77361770837956,3.564313452828081,3.9659928199500385
1.5801576154402133,1.710441741523025,2.129985925855529,2.788606004039754,3.584837854081339,3.987530480588943
1.5843930116996328,1.7159163120215886,2.139202354054444,2.8032273250194564,3.6044760809372924,4.008102119697452
1.5893215059670085,1.7220877035799882,2.1491861984801917,2.8186527166898374,3.624846167330983,4.029298104535858
1.5942211733079985,1.7282587006435843,2.1591497336896848,2.8340668336397457,3.645302385993995,4.050609266711058
1.5987005849265872,1.7339815997618417,2.1684853985652954,2.8486376959567927,3.6647227329365015,4.070893597840897
1.6029766465657893,1.739335483216252,2.177215084781223,2.862208804148542,3.682833309406525,4.089863924500335
1.607101309250466,1.7445591996680323,2.185779239170497,2.875607835138977,3.700786054992764,4.108721207079922
1.6112679728131463,1.7498382789375464,2.1942807934358446,2.888839437212934,3.7185103597224023,4.127325813963912
1.6153597511965851,1.7549880853440527,2.202696177553388,2.9019589112580713,3.736106077300851,4.145854261903144
1.6194267732995826,1.7601214953524473,2.2110368969192624,2.9149205635218385,3.7535479775634926,4.164209273585179
1.6235632882469204,1.7653542288944317,2.2194519871110425,2.9280149011547967,3.7710904833633188,4.1826548169503095
1.6275646406740771,1.7703232721721418,2.227456763784485,2.940412261004903,3.7877977099198823,4.200332591165417
1.6322098914787562,1.7759623090534193,2.2361733861588995,2.9536351222718324,3.8054387558511102,4.218977358065259
1.6372555342353767,1.7819357514054663,2.2450281436126147,2.9668036322205484,3.8227446684793738,4.2373336604300516
1.641805967407416,1.7875192336541106,2.253782380343425,2.9802498478987607,3.840620350546677,4.2561414941421205
1.6458286214754207,1.7925212512102964,2.261616239698833,2.9922740741745346,3.8568008542419103,4.273345515674954
1.6498401151830313,1.797341899157951,2.2690798905041327,3.0036420170839984,3.8721268581131327,4.28976711534086
1.6538755318140879,1.8022485780899717,2.2767141343299184,3.01533854269014,3.8878628906580377,4.306567183491356
1.657882131440284,1.8071257100137916,2.2843777818951168,3.0271410870670623,3.9038037660738913,4.323550512816672
1.6617336893844876,1.8118877016931576,2.2919664920975915,3.038958785261873,3.9197985040377974,4.340614792166317
1.6655628865814083,1.8165719459947507,2.299305967365707,3.050253919488426,3.9351320806264334,4.357072200711954
1.6693990123986477,1.8212932494304646,2.306735322300178,3.0617303430240703,3.9507033691790086,4.373714602481217
1.6731901247566963,1.825961354572984,2.314113959045252,3.0731434489766154,3.966174402241094,4.3902863231575315
1.6769692664001512,1.8305822128698077,2.3213422635919563,3.0842778390365884,3.9812964977932275,4.406541674450126
1.6806137914782642,1.834937511774176,2.3280147888126175,3.0944403848696234,3.9950843565269882,4.421439617638668
1.6841426926653458,1.8392154906673361,2.334552140759143,3.1044641157973567,4.008726385634645,4.436196757643238
1.6877457483097222,1.8435311781004484,2.341098852656757,3.1143740917927922,4.022177346350257,4.450806959796938
1.691256277274737,1.847721080779477,2.34752762084403,3.1241667928725714,4.035571913058928,4.465355957024073
1.6947638750477159,1.851945417340888,2.3540004170158983,3.134106427833814,4.049173857620923,4.480087265613485
1.698268621126371,1.8561573218634546,2.360472733068645,3.143987747053524,4.06260713112105,4.494674405262912
1.7019315811096614,1.8604964978125225,2.3669970277075336,3.153890540618955,4.076035604497386,4.509250726114212
1.7056490515598224,1.8649992890895395,2.37391304250574,3.164420945318974,4.0902743134836586,4.524557959220738
1.7093639926714936,1.8695180379321337,2.3810190336124375,3.175405650548601,4.105141470037355,4.540442897325411
1.7135620875770907,1.8745848779738514,2.3887583511129247,3.187187859165212,4.120971674171423,4.557372759023961
1.7176135371292003,1.8793737603412257,2.3959387366772997,3.1979398942887856,4.135562304858281,4.573193812836103
1.72172986388435,1.8842607450586373,2.4032580486399544,3.208972822040127,4.150565352970032,4.589453785766058
1.7257425078472681,1.8889810271926664,2.4103251492682536,3.2196321475601803,4.165178328483016,4.605465601709418
1.7305932974773695,1.894626163028799,2.4184756845535755,3.2315006185593877,4.180893370417431,4.622324625565577
1.7344329855027458,1.8991886379704888,2.425309565597893,3.2418569403402313,4.195132718966978,4.637988650320058
1.7386147855735392,1.904145641537637,2.4326281105752336,3.25290331823065,4.210259110892575,4.654526264784581
1.742953637461688,1.9091584432608848,2.4396548806427214,3.2631695836209453,4.224134745942927,4.6698640336292785
1.7484353342004593,1.9154638908284634,2.4485471750495615,3.275914268406738,4.240745210776241,4.687564970952824
1.7534529752507155,1.9212127206454526,2.4564956065293417,3.287207988538971,4.255494380939558,4.703400805812988
1.7594116015102526,1.9280278662156745,2.4659606796629148,3.3006015582778327,4.272656113306769,4.721493939537453
1.7658042982341207,1.9353124732420206,2.4760911979309754,3.31479904455366,4.290564038467262,4.7401891882461875
1.7722280901970937,1.9426571448605088,2.4862215966632584,3.3288877358900932,4.308222610875798,4.758527258669653
1.779194569178626,1.9503672831112846,2.4963375824396365,3.342372941200314,4.324816346638995,4.7758024281708025
1.786223550125104,1.9582307867518736,2.506803008956379,3.35652412131206,4.342254423035711,4.793884965566833
1.7927246651161088,1.965551081789209,2.5166507315925934,3.370009225401853,4.3589599273751185,4.811252983714746
1.7986989308368835,1.9722936320157631,2.525796593382771,3.3825763407112044,4.374585110841928,4.827466950769945
1.803966486221413,1.9782831169981407,2.53403242641506,3.3940700564405706,4.389132575318008,4.842748166888015
1.808813259648545,1.9839269850624075,2.5421694005479103,3.4058240591152007,4.40422154864303,4.858497114234444
1.812735297246532,1.9884524320446373,2.548633648357812,3.415196003875176,4.416454968187787,4.8715817574332565
1.8167406966225477,1.9929771952432653,2.554798889909942,3.4238698968371017,4.427797331071321,4.88382530868429
1.8207412943311796,1.9973711639179024,2.560485674478287,3.4315232947051384,4.437701417389293,4.894691775341671
1.8246288140490239,2.001478038503091,2.565266190356643,3.437400507974962,4.4450726480007505,4.903038466165488
1.8283292205083255,2.005496160873336,2.570407679044836,3.4443328110554803,4.454194660706346,4.913303784279481
1.8316022492998543,2.009116892197289,2.575160295665785,3.4509481298504836,4.463139010582322,4.923465737462602
1.8353282156200248,2.0132527007512158,2.580681630133319,3.458638693355113,4.473427993877483,4.93495100574949
1.838757303042173,2.016982862374709,2.585320014951515,3.464715722489128,4.481493998394724,4.944149212809222
1.842088100785127,2.02076272464517,2.5905499754464727,3.4722422249413962,4.491624650905079,4.955298803095657
1.8464743530991008,2.025763232041702,2.597327632644667,3.481791922657363,4.504159502401787,4.968949923984203
1.8513855167757511,2.0312723761952736,2.604816235104042,3.492250478435297,4.517714238141464,4.983549174579853
1.8571875605353128,2.037727391457582,2.6133276476712743,3.503780278935733,4.532378969903088,4.999308446131315
1.8632503746494327,2.044567507356322,2.622405783754112,3.5162282779780156,4.548171852586998,5.016135676884563
1.8686686438852673,2.050563625163437,2.6301247637704828,3.526536436790107,4.561344487765088,5.030461446258968
1.874505538081145,2.0570833426253072,2.6388114285290003,3.5384515386840167,4.576511913092972,5.046667300590461
1.880482461001084,2.06377808357466,2.6477244104915276,3.550615607342969,4.591941707856496,5.06311951539549
1.886700259061372,2.0704523389990523,2.6558669770392918,3.5610524496164535,4.60502380048848,5.077588345833671
1.8932466792360303,2.077483781011976,2.664553046276586,3.5722031014382765,4.619017666344472,5.092956996050705
1.8996840305062601,2.084419830557615,2.6730434396988265,3.583128143843082,4.632735547094084,5.10806140307324
1.9060887964968918,2.091291858985147,2.681454257210004,3.593858122282502,4.646231115593161,5.122971367321324
1.9125181227740309,2.098207083331551,2.689826749941307,3.6045059770561734,4.659555269516907,5.1377265170208055
1.9190294661646776,2.105161548475842,2.6981830987727133,3.615066089899757,4.6728246137973,5.152366921720121
1.9255004098517572,2.112067664051999,2.7064534219827285,3.625426649131785,4.685793029677319,5.166766788720445
1.9322376674482145,2.11920400949022,2.7150811821195906,3.6362625673251427,4.6992308343047915,5.181593534690107
1.9390067339888688,2.1263671403225155,2.7235319740149295,3.6466823248650475,4.712043343408652,5.195840135802443
1.9453614890669075,2.1330568109877897,2.731326997319858,3.656205109117766,4.7237101055632404,5.208794060243585
1.9517748348580035,2.13972776241553,2.7387921212739776,3.6649892655361374,4.734449513468584,5.220929291577329
1.9593306383307811,2.147663538784774,2.74788362315853,3.6758688022021557,4.74748950744449,5.235292425226582
1.9667289481653873,2.1555092714870976,2.7569157478391006,3.68668623219621,4.7606021117921165,5.2497582511788705
1.9742672728780115,2.1634178562036177,2.766029016089107,3.6976043333036137,4.773743971044846,5.264203854069614
1.9819215390632823,2.1714822132317932,2.775333262979468,3.708781662304029,4.7871397167011365,5.278888396716523
1.9895069227377578,2.1794198533276634,2.784432068007127,3.719646916890535,4.800138834154154,5.293248979929415
1.9972282657152525,2.1875180859798857,2.793789530905025,3.730923504003964,4.813627603633099,5.308009966452587
2.0050147099723854,2.1957517883996096,2.8034211379230065,3.742646953576029,4.827696847709456,5.323297011292042
2.012748564038462,2.203828910470375,2.812856558747382,3.7541155438008174,4.841414586976686,5.33832319536941
2.02024498088907,2.2116576496895073,2.8217602952125587,3.764654938562383,4.8540750092388025,5.352401564958964
2.0282132905917685,2.219943012253223,2.8311083124693277,3.7756179625387567,4.86740447924777,5.367373396479748
2.0361224009317205,2.2282410277717,2.840656751449999,3.787099968622114,4.881360304741347,5.3828509119248285
2.0439703369466042,2.236379451359404,2.849640063075978,3.797562937335956,4.893899030374419,5.397006948441445
2.050538847003278,2.243016904131907,2.856608651308319,3.8052200169498636,4.903125471128653,5.407822085395983
2.0556568243253035,2.248232677553178,2.862181761147727,3.811555902858011,4.910967546804466,5.41712831680161
2.060472273292189,2.2530955527619096,2.867284209035136,3.817256903655284,4.918271436609281,5.426056957392957
2.0642962247650805,2.2569904691434917,2.8714731123729775,3.822170226520479,4.925140389834242,5.434791967696086
2.06856143668927,2.2618269140497014,2.878102566120348,3.8316454842735825,4.93794648645279,5.44900787671468
2.072926664576173,2.266779557986275,2.885005829861161,3.8414577569327437,4.950953918213782,5.463164265750346
2.0763064812786314,2.2705660509742542,2.890031092664623,3.8485228053223053,4.9602697675783265,5.473478355554763
2.0812416622636896,2.275974540715426,2.8967923664826407,3.8573911206583205,4.971315573410508,5.485327133456517
2.0860030133392438,2.2811532940445503,2.903293110710072,3.865792348906412,4.981834972219541,5.496722938799861
2.0902088426166765,2.2858264235174177,2.9093473432732457,3.873949222367711,4.9921536117760095,5.507774176571994
2.0944150552208685,2.290495092769586,2.9155917341649227,3.8824144977803274,5.002687407036622,5.518777821918311
2.097587295245806,2.2938462851685064,2.9195902435698384,3.887387413921211,5.008792387695854,5.525419847545098
2.1018260755997047,2.2984112003269392,2.9252823812811255,3.894677641538445,5.017485713437554,5.5344532700593065
2.107491909148186,2.304455463959401,2.932523826415539,3.9035640693136773,5.027887857411008,5.545275537194598
2.112190365430319,2.309360963600018,2.9381466344821514,3.910194608325173,5.0355067247183545,5.553380804627131
2.1167921244424406,2.313981817082783,2.9428386892373157,3.915015772868167,5.040679325547481,5.55912725482415
2.1224377850689975,2.3193904187540904,2.947602227782562,3.918856652365717,5.043884691388308,5.562832806197583
2.127736212718638,2.324386210300589,2.9516430712950457,3.921542483579393,5.045593841937261,5.56507391373154
2.1327201234984847,2.3290664466763396,2.9554951395344213,3.9241056339360014,5.0471321010961905,5.567060192817361
2.1378450655934222,2.3337745450748724,2.959008950078912,3.9259460558679984,5.047837185825043,5.568469924499235
2.1429140393780157,2.3381270743203353,2.9614005559568692,3.925661868872151,5.046232250507472,5.568310207422113
2.14773205187966,2.3422575078058285,2.963551559046196,3.9251540833022713,5.044561144772798,5.568271988976985
2.1534772600106526,2.3473427993694744,2.966833169869368,3.926123360007694,5.0447249397310125,5.5702659770419825
2.1599035313801056,2.3529563124980486,2.970232587789026,3.926626348977631,5.043944174109338,5.571274598341111
2.1666937874970293,2.358988855262834,2.974128496724113,3.9277025445555096,5.043646308887169,5.572705384173184
2.173426407036763,2.3649935736296905,2.9780566747106354,3.9288320697707104,5.0432894442257235,5.573800393265941
2.1801502471184153,2.3710595707846043,2.982275009259949,3.930662871344207,5.044051506921674,5.57613951454865
2.187178251280076,2.377740562373042,2.9880246264849397,3.935283432888278,5.048473882737305,5.581978687952485
2.1952094127556836,2.385701336961333,2.9957684841166747,3.9429198132505605,5.056527339144112,5.591234527299163
2.202920371440343,2.393320167634805,3.003175139693228,3.9501694843756803,5.0642739226192495,5.600236389503909
2.2097128154679258,2.399741523397558,3.008592063457498,3.9543053562125596,5.068391539975215,5.605994428668367
2.2168037223872474,2.4065706580082087,3.0146299847364424,3.9595482977588423,5.074065504080998,5.613519086467507
2.223684331597774,2.413111605259435,3.020079213655533,3.9637506162938587,5.078368376652608,5.619686649512155
2.2297292777539606,2.418495083774186,3.0237715603981594,3.965411130567033,5.07977263206531,5.623153225050868
2.2357774522262805,2.424045082392501,3.0278894308824778,3.967909423414691,5.082080832770868,5.62723971191713
2.241310470123429,2.4290668571913328,3.031642106473894,3.9701832796134817,5.084512841035013,5.631698475804778
2.246490822187826,2.4335853776070593,3.0344386039947935,3.9710031723857764,5.085091355473928,5.634478505563141
2.251461851657632,2.438128614187838,3.0378178735289114,3.9731652791327376,5.087453138926032,5.638741426271758
2.2572579781133078,2.44373993774283,3.042973120033914,3.9779948617373218,5.093068052113644,5.646055165570231
2.26415831880317,2.4505530455873816,3.049821047334023,3.984933982597337,5.100928422143646,5.655285293174381
2.2719213278078487,2.458487698271639,3.058358375541179,3.9944865984238613,5.11173151799495,5.667081204223173
2.2795849956162875,2.466365819882978,3.0668918310403033,4.004067656241348,5.122590041507181,5.6788573100396
2.287076510910223,2.4741494842697893,3.07580882695419,4.014523538706982,5.134483519919264,5.691390896932471
2.294267483647933,2.481660817986075,3.0844314486100393,4.024646647962512,5.145918208600501,5.7033284345329545
2.3009781688846704,2.4886195344903803,3.0922392728889245,4.033633750954548,5.15609709199724,5.71409085125938
2.3084934725059068,2.4965669454263306,3.1017180455506987,4.045290322464744,5.16963588498148,5.728179167974034
2.315498982909444,2.504078442754615,3.1107095018393824,4.056531103726633,5.1828197203133755,5.741919566843127
2.3224563517626593,2.511502301552669,3.119679189153557,4.067683747247803,5.196011992509103,5.755799942168115
2.3293385169159606,2.518961056106324,3.128774828804027,4.079180366747997,5.209691669768027,5.770154233118983
2.3362838460669555,2.5264462898435056,3.1378776091927234,4.090627509298908,5.2232760818667145,5.784426865990591
2.3430495609463584,2.5336880393910786,3.1467257302005347,4.101700015610688,5.236521920484514,5.798400586510647
2.3499483806956323,2.5411427348659017,3.1559128333588444,4.113314868829442,5.250360499904108,5.812902419723145
2.355582149773242,2.547033900519684,3.162725260896506,4.12147474841324,5.260092315396252,5.823532995248058
2.3612241596501,2.5530397957574444,3.1698527979794093,4.130263781286394,5.270649670333507,5.83492682707067
2.3668823373046974,2.5590861997969836,3.1772860769907108,4.139715540199131,5.282104531671418,5.8471319598155915
2.372448906938107,2.5650770397305407,3.1846573728017162,4.149047361812455,5.293412571928596,5.8592393954060915
2.3778139748395604,2.5708248145088968,3.191662080651905,4.157820859987468,5.304178041541966,5.870861694552741
2.38309614725533,2.576485314915355,3.1985651868883758,4.166518474296411,5.314899809261457,5.882435709649338
2.3882543561493343,2.5820122992087677,3.2052029657919796,4.174927169863049,5.325301360981584,5.89369575136742
2.3932989357256726,2.5871862813225555,3.210968864981182,4.181679328233645,5.3335452774938155,5.903009396058012
2.3983704026762642,2.5924550671902096,3.216852071436336,4.188563440806077,5.341916442093409,5.912433242618494
2.403403898486005,2.597643323129817,3.2226909298370106,4.195419371496612,5.350261459488143,5.921850132457621
2.408615787386188,2.6030744444449208,3.228848140247486,4.202763506996579,5.359208592755395,5.9318512469416955
2.413731767186289,2.608421760408038,3.235113325355786,4.210449341909481,5.368619752225536,5.942271161676756
2.417965198196022,2.6129292241049007,3.2404627148217258,4.217081132767775,5.377118961085459,5.951918018432631
2.4225364687165367,2.6176971637757505,3.2459195453753695,4.223821424732158,5.3856662387492085,5.961791042890162
2.4272231053706044,2.622620418337431,3.2514624958061087,4.230512706523682,5.394221857658929,5.971627488164166
2.432716773974057,2.6286336400927564,3.259275462940248,4.241028094776603,5.407557522759141,5.985933641069226
2.4382162514372756,2.634776833751186,3.267377976765832,4.252029784753516,5.421517850659326,6.000850478793696
2.4437232418177866,2.6408907188887,3.2753362401616006,4.262673078481902,5.435000646443581,6.01532750329992
2.44919353915359,2.6469271732633564,3.2831807996442377,4.273148750286087,5.448275147405112,6.029599013758408
2.454560076886002,2.652919626504098,3.2910497873106523,4.283758421407329,5.461758596464386,6.044082320560192
2.4603095992721395,2.659098746913428,3.2987495035055083,4.293712216411399,5.474274653920695,6.057746098239473
2.4662349102669636,2.665385701304133,3.306249833877417,4.303119879891934,5.485972341885148,6.070696501442442
2.4723972643374363,2.672182854634043,3.3149325348528733,4.3146273475964385,5.500470171770294,6.086312692017991
2.4776335737141033,2.6778004188426205,3.3217912655940793,4.323545592489784,5.511920721705358,6.099157138844015
2.482749133793664,2.6832591004269655,3.3283051794565086,4.331917956591239,5.522715048951718,6.111393747564177
2.487789988400891,2.6886413500079684,3.3347209620205502,4.339982065378981,5.533110223529725,6.1232434368035324
2.493565067429082,2.694726101950652,3.341970994376089,4.349059168284763,5.544728510588816,6.136450140428358
2.4990662819223957,2.70052386712198,3.348841769668243,4.357654421129968,5.555835572594317,6.149134810872931
2.5053334180296214,2.7073707359250365,3.357488284767494,4.369068241988767,5.570473034987537,6.165229111693219
2.5114476332841043,2.7140935373973996,3.3660687183799016,4.38064549116732,5.585369320462832,6.181637878591748
2.517404151343329,2.720553884575508,3.3742851189372316,4.391418981902841,5.599363858013302,6.197220676905167
2.5237166888475597,2.727164898356572,3.381838197708544,4.400641307127983,5.610958441109655,6.210457023330266
2.5307801321146295,2.7344478759097783,3.390004221149497,4.410296934528895,5.622830821721944,6.223874633663157
2.5398540551278197,2.7441915356598403,3.401951499980753,4.425467837997974,5.641523570040468,6.24413910652301
2.5505109294240382,2.7558330301240987,3.416557845217218,4.444326769353914,5.664230529233913,6.267965034923947
2.5612496189284486,2.7676785379760385,3.431858111637466,4.464497686746874,5.688698347204648,6.29336151262284
2.572353835863097,2.7798223599598093,3.4472360172786125,4.4844424001010745,5.7128050671841715,6.318459471107861
2.5835980323693044,2.792119038964994,3.4628265368838966,4.504700207976791,5.73726106718736,6.343922265302898
2.5947734186939244,2.8043949925594527,3.4785431199655568,4.525323299840647,5.762610950229951,6.370630597944038
2.6059461697008888,2.817146520329783,3.4959078430882666,4.54907804927722,5.791566254201631,6.400054800946975
2.616446474171254,2.828850658847183,3.5113599187106344,4.569811682761435,5.816695258589319,6.425840403263453
2.6266528970904894,2.8407129340857176,3.528187668002064,4.5935547160009085,5.8461913286220755,6.4559614925143896
2.6380795897836102,2.8538913648679975,3.5466367650914656,4.619319327307543,5.878128714112147,6.488654792980344
2.649748140589797,2.8674107358768772,3.5658289095597193,4.646293232769204,5.9115022614447,6.5225632869491434
